{
  "city": [
    "Paris",
    "Marseille",
    "Lyon",
    "Toulouse",
    "Nice",
    "Nantes",
    "Strasbourg",
    "Montpellier",
    "Bordeaux",
    "Lille",
    "Rennes",
    "Reims",
    "Le Havre",
    "Saint-Étienne",
    "Toulon",
    "Grenoble",
    "Dijon",
    "Nîmes",
    "Angers",
    "Villeurbanne",
    "Le Mans",
    "Saint-Denis",
    "Aix-en-Provence",
    "Clermont-Ferrand",
    "Brest",
    "Limoges",
    "Tours",
    "Amiens",
    "Perpignan",
    "Metz",
    "Besançon",
    "Boulogne-Billancourt",
    "Orléans",
    "Mulhouse",
    "Rouen",
    "Saint-Denis",
    "Caen",
    "Argenteuil",
    "Saint-Paul",
    "Montreuil",
    "Nancy",
    "Roubaix",
    "Tourcoing",
    "Nanterre",
    "Avignon",
    "Vitry-sur-Seine",
    "Créteil",
    "Dunkirk",
    "Poitiers",
    "Asnières-sur-Seine",
    "Courbevoie",
    "Versailles",
    "Colombes",
    "Fort-de-France",
    "Aulnay-sous-Bois",
    "Saint-Pierre",
    "Rueil-Malmaison",
    "Pau",
    "Aubervilliers",
    "Le Tampon",
    "Champigny-sur-Marne",
    "Antibes",
    "Béziers",
    "La Rochelle",
    "Saint-Maur-des-Fossés",
    "Cannes",
    "Calais",
    "Saint-Nazaire",
    "Mérignac",
    "Drancy",
    "Colmar",
    "Ajaccio",
    "Bourges",
    "Issy-les-Moulineaux",
    "Levallois-Perret",
    "La Seyne-sur-Mer",
    "Quimper",
    "Noisy-le-Grand",
    "Villeneuve-d'Ascq",
    "Neuilly-sur-Seine",
    "Valence",
    "Antony",
    "Cergy",
    "Vénissieux",
    "Pessac",
    "Troyes",
    "Clichy",
    "Ivry-sur-Seine",
    "Chambéry",
    "Lorient",
    "Les Abymes",
    "Montauban",
    "Sarcelles",
    "Niort",
    "Villejuif",
    "Saint-André",
    "Hyères",
    "Saint-Quentin",
    "Beauvais",
    "Épinay-sur-Seine",
    "Cayenne",
    "Maisons-Alfort",
    "Cholet",
    "Meaux",
    "Chelles",
    "Pantin",
    "Évry",
    "Fontenay-sous-Bois",
    "Fréjus",
    "Vannes",
    "Bondy",
    "Le Blanc-Mesnil",
    "La Roche-sur-Yon",
    "Saint-Louis",
    "Arles",
    "Clamart",
    "Narbonne",
    "Annecy",
    "Sartrouville",
    "Grasse",
    "Laval",
    "Belfort",
    "Bobigny",
    "Évreux",
    "Vincennes",
    "Montrouge",
    "Sevran",
    "Albi",
    "Charleville-Mézières",
    "Suresnes",
    "Martigues",
    "Corbeil-Essonnes",
    "Saint-Ouen",
    "Bayonne",
    "Cagnes-sur-Mer",
    "Brive-la-Gaillarde",
    "Carcassonne",
    "Massy",
    "Blois",
    "Aubagne",
    "Saint-Brieuc",
    "Châteauroux",
    "Chalon-sur-Saône",
    "Mantes-la-Jolie",
    "Meudon",
    "Saint-Malo",
    "Châlons-en-Champagne",
    "Alfortville",
    "Sète",
    "Salon-de-Provence",
    "Vaulx-en-Velin",
    "Puteaux",
    "Rosny-sous-Bois",
    "Saint-Herblain",
    "Gennevilliers",
    "Le Cannet",
    "Livry-Gargan",
    "Saint-Priest",
    "Istres",
    "Valenciennes",
    "Choisy-le-Roi",
    "Caluire-et-Cuire",
    "Boulogne-sur-Mer",
    "Bastia",
    "Angoulême",
    "Garges-lès-Gonesse",
    "Castres",
    "Thionville",
    "Wattrelos",
    "Talence",
    "Saint-Laurent-du-Maroni",
    "Douai",
    "Noisy-le-Sec",
    "Tarbes",
    "Arras",
    "Alès",
    "La Courneuve",
    "Bourg-en-Bresse",
    "Compiègne",
    "Gap",
    "Melun",
    "Le Lamentin",
    "Rezé",
    "Saint-Germain-en-Laye",
    "Marcq-en-Barœul",
    "Gagny",
    "Anglet",
    "Draguignan",
    "Chartres",
    "Bron",
    "Bagneux",
    "Colomiers",
    "Saint-Martin-d'Hères",
    "Pontault-Combault",
    "Montluçon",
    "Joué-lès-Tours",
    "Saint-Joseph",
    "Poissy",
    "Savigny-sur-Orge",
    "Cherbourg-Octeville",
    "Montélimar",
    "Villefranche-sur-Saône",
    "Stains",
    "Saint-Benoît",
    "Bagnolet",
    "Châtillon",
    "Le Port",
    "Sainte-Geneviève-des-Bois",
    "Échirolles",
    "Roanne",
    "Villepinte",
    "Saint-Chamond",
    "Conflans-Sainte-Honorine",
    "Auxerre",
    "Nevers",
    "Neuilly-sur-Marne",
    "La Ciotat",
    "Tremblay-en-France",
    "Thonon-les-Bains",
    "Vitrolles",
    "Haguenau",
    "Six-Fours-les-Plages",
    "Agen",
    "Creil",
    "Annemasse",
    "Saint-Raphaël",
    "Marignane",
    "Romans-sur-Isère",
    "Montigny-le-Bretonneux",
    "Le Perreux-sur-Marne",
    "Franconville",
    "Mâcon",
    "Saint-Leu",
    "Cambrai",
    "Châtenay-Malabry",
    "Sainte-Marie",
    "Villeneuve-Saint-Georges",
    "Houilles",
    "Épinal",
    "Lens",
    "Liévin",
    "Les Mureaux",
    "Schiltigheim",
    "La Possession",
    "Meyzieu",
    "Dreux",
    "Nogent-sur-Marne",
    "Plaisir",
    "Mont-de-Marsan",
    "Palaiseau",
    "Châtellerault",
    "Goussainville",
    "L'Haÿ-les-Roses",
    "Viry-Châtillon",
    "Vigneux-sur-Seine",
    "Chatou",
    "Trappes",
    "Clichy-sous-Bois",
    "Rillieux-la-Pape",
    "Villenave-d'Ornon",
    "Maubeuge",
    "Charenton-le-Pont",
    "Malakoff",
    "Matoury",
    "Dieppe",
    "Athis-Mons",
    "Savigny-le-Temple",
    "Périgueux",
    "Baie-Mahault",
    "Vandoeuvre-lès-Nancy",
    "Pontoise",
    "Aix-les-Bains",
    "Cachan",
    "Vienne",
    "Thiais",
    "Orange",
    "Saint-Médard-en-Jalles",
    "Villemomble",
    "Saint-Cloud",
    "Saint-Laurent-du-Var",
    "Yerres",
    "Saint-Étienne-du-Rouvray",
    "Sotteville-lès-Rouen",
    "Draveil",
    "Le Chesnay",
    "Bois-Colombes",
    "Le Plessis-Robinson",
    "La Garenne-Colombes",
    "Lambersart",
    "Soissons",
    "Pierrefitte-sur-Seine",
    "Carpentras",
    "Villiers-sur-Marne",
    "Vanves",
    "Menton",
    "Bergerac",
    "Ermont",
    "Bezons",
    "Grigny",
    "Guyancourt",
    "Saumur",
    "Herblay",
    "Ris-Orangis",
    "Villiers-le-Bel",
    "Bourgoin-Jallieu",
    "Vierzon",
    "Le Gosier",
    "Décines-Charpieu",
    "Hénin-Beaumont",
    "Fresnes",
    "Aurillac",
    "Sannois",
    "Vallauris",
    "Illkirch-Graffenstaden",
    "Alençon",
    "Élancourt",
    "Tournefeuille",
    "Bègles",
    "Gonesse",
    "Oullins",
    "Brunoy",
    "Taverny",
    "Armentières",
    "Montfermeil",
    "Rambouillet",
    "Villeparisis",
    "Le Kremlin-Bicêtre",
    "Sucy-en-Brie",
    "Kourou",
    "Montbéliard",
    "Romainville",
    "Cavaillon",
    "Saint-Dizier",
    "Brétigny-sur-Orge",
    "Saint-Sébastien-sur-Loire",
    "Saintes",
    "La Teste-de-Buch",
    "Villeneuve-la-Garenne",
    "Béthune",
    "Bussy-Saint-Georges",
    "Vichy",
    "La Garde",
    "Agde",
    "Laon",
    "Sens",
    "Lunel",
    "Miramas",
    "Biarritz",
    "Le Grand-Quevilly",
    "Orvault",
    "Les Ulis",
    "Champs-sur-Marne",
    "Rochefort",
    "Muret",
    "Sainte-Anne",
    "Eaubonne",
    "Étampes",
    "Gradignan",
    "Vernon",
    "Petit-Bourg",
    "Libourne",
    "Abbeville",
    "Rodez",
    "Saint-Ouen-l'Aumône",
    "Torcy",
    "Maisons-Laffitte",
    "Montgeron",
    "Villeneuve-sur-Lot",
    "Cormeilles-en-Parisis",
    "Épernay",
    "Sèvres",
    "Dole",
    "Le Robert",
    "Le Bouscat",
    "Blagnac",
    "Frontignan",
    "Cenon",
    "Mandelieu-la-Napoule",
    "Vertou",
    "Les Lilas",
    "Bruay-la-Buissière",
    "Les Pavillons-sous-Bois",
    "Chaumont",
    "Roissy-en-Brie",
    "Le Moule",
    "Le Petit-Quevilly",
    "Manosque",
    "Saint-Mandé",
    "Fontenay-aux-Roses",
    "Orly",
    "Le Creusot",
    "Oyonnax",
    "La Madeleine",
    "Sainte-Suzanne",
    "Millau",
    "Combs-la-Ville",
    "Fontaine",
    "Deuil-la-Barre",
    "Coudekerque-Branche",
    "Auch",
    "Lanester",
    "Beaune",
    "Montigny-lès-Metz",
    "Hazebrouck",
    "Longjumeau",
    "Sainte-Foy-lès-Lyon",
    "Forbach",
    "Sarreguemines",
    "Mons-en-Barœul",
    "La Valette-du-Var",
    "Hérouville-Saint-Clair",
    "Morsang-sur-Orge",
    "Grande-Synthe",
    "La Celle-Saint-Cloud",
    "Lisieux",
    "Croix",
    "Dammarie-les-Lys",
    "Vélizy-Villacoublay",
    "Wasquehal",
    "Saint-Gratien",
    "Halluin",
    "Neuilly-Plaisance",
    "Montmorency",
    "Dax",
    "Lagny-sur-Marne",
    "Le Mée-sur-Seine",
    "Saint-Genis-Laval",
    "Fleury-les-Aubrais",
    "Loos",
    "Gif-sur-Yvette",
    "Denain",
    "Saint-Dié-des-Vosges",
    "Sainte-Rose",
    "Saint-Michel-sur-Orge"
  ],
  "country": {
    "name": [
  "Afghanistan",
  "Afrique du Sud",
  "Albanie",
  "Algérie",
  "Allemagne",
  "Andorre",
  "Angola",
  "Anguilla",
  "Antarctique",
  "Antigua-et-Barbuda",
  "Arabie saoudite",
  "Argentine",
  "Arménie",
  "Aruba",
  "Australie",
  "Autriche",
  "Azerbaïdjan",
  "Bahamas",
  "Bahreïn",
  "Bangladesh",
  "Barbade",
  "Belgique",
  "Belize",
  "Bermudes",
  "Bhoutan",
  "Biélorussie",
  "Bolivie",
  "Bosnie-Herzégovine",
  "Botswana",
  "Brunéi Darussalam",
  "Brésil",
  "Bulgarie",
  "Burkina Faso",
  "Burundi",
  "Bénin",
  "Cambodge",
  "Cameroun",
  "Canada",
  "Cap-Vert",
  "Ceuta et Melilla",
  "Chili",
  "Chine",
  "Chypre",
  "Colombie",
  "Comores",
  "Congo-Brazzaville",
  "Congo-Kinshasa",
  "Corée du Nord",
  "Corée du Sud",
  "Costa Rica",
  "Croatie",
  "Cuba",
  "Curaçao",
  "Côte d’Ivoire",
  "Danemark",
  "Diego Garcia",
  "Djibouti",
  "Dominique",
  "El Salvador",
  "Espagne",
  "Estonie",
  "Fidji",
  "Finlande",
  "France",
  "Gabon",
  "Gambie",
  "Ghana",
  "Gibraltar",
  "Grenade",
  "Groenland",
  "Grèce",
  "Guadeloupe",
  "Guam",
  "Guatemala",
  "Guernesey",
  "Guinée",
  "Guinée équatoriale",
  "Guinée-Bissau",
  "Guyana",
  "Guyane française",
  "Géorgie",
  "Haïti",
  "Honduras",
  "Hongrie",
  "Inde",
  "Indonésie",
  "Irak",
  "Iran",
  "Irlande",
  "Islande",
  "Israël",
  "Italie",
  "Jamaïque",
  "Japon",
  "Jersey",
  "Jordanie",
  "Kazakhstan",
  "Kenya",
  "Kirghizistan",
  "Kiribati",
  "Kosovo",
  "Koweït",
  "La Réunion",
  "Laos",
  "Lesotho",
  "Lettonie",
  "Liban",
  "Libye",
  "Libéria",
  "Liechtenstein",
  "Lituanie",
  "Luxembourg",
  "Macédoine",
  "Madagascar",
  "Malaisie",
  "Malawi",
  "Maldives",
  "Mali",
  "Malte",
  "Maroc",
  "Martinique",
  "Maurice",
  "Mauritanie",
  "Mayotte",
  "Mexique",
  "Moldavie",
  "Monaco",
  "Mongolie",
  "Montserrat",
  "Monténégro",
  "Mozambique",
  "Myanmar",
  "Namibie",
  "Nauru",
  "Nicaragua",
  "Niger",
  "Nigéria",
  "Niue",
  "Norvège",
  "Nouvelle-Calédonie",
  "Nouvelle-Zélande",
  "Népal",
  "Oman",
  "Ouganda",
  "Ouzbékistan",
  "Pakistan",
  "Palaos",
  "Panama",
  "Papouasie-Nouvelle-Guinée",
  "Paraguay",
  "Pays-Bas",
  "Pays-Bas caribéens",
  "Philippines",
  "Pitcairn",
  "Pologne",
  "Polynésie française",
  "Porto Rico",
  "Portugal",
  "Pérou",
  "Qatar",
  "R.A.S. chinoise de Hong Kong",
  "R.A.S. chinoise de Macao",
  "Roumanie",
  "Royaume-Uni",
  "Russie",
  "Rwanda",
  "République centrafricaine",
  "République dominicaine",
  "République tchèque",
  "Sahara occidental",
  "Saint-Barthélemy",
  "Saint-Christophe-et-Niévès",
  "Saint-Marin",
  "Saint-Martin",
  "Saint-Martin",
  "Saint-Pierre-et-Miquelon",
  "Saint-Vincent-et-les-Grenadines",
  "Sainte-Hélène",
  "Sainte-Lucie",
  "Samoa",
  "Samoa américaines",
  "Sao Tomé-et-Principe",
  "Serbie",
  "Seychelles",
  "Sierra Leone",
  "Singapour",
  "Slovaquie",
  "Slovénie",
  "Somalie",
  "Soudan",
  "Soudan du Sud",
  "Sri Lanka",
  "Suisse",
  "Suriname",
  "Suède",
  "Svalbard et Jan Mayen",
  "Swaziland",
  "Syrie",
  "Sénégal",
  "Tadjikistan",
  "Tanzanie",
  "Taïwan",
  "Tchad",
  "Terres australes françaises",
  "Territoire britannique de l’océan Indien",
  "Territoires palestiniens",
  "Thaïlande",
  "Timor oriental",
  "Togo",
  "Tokelau",
  "Tonga",
  "Trinité-et-Tobago",
  "Tristan da Cunha",
  "Tunisie",
  "Turkménistan",
  "Turquie",
  "Tuvalu",
  "Ukraine",
  "Uruguay",
  "Vanuatu",
  "Venezuela",
  "Vietnam",
  "Wallis-et-Futuna",
  "Yémen",
  "Zambie",
  "Zimbabwe",
  "Égypte",
  "Émirats arabes unis",
  "Équateur",
  "Érythrée",
  "État de la Cité du Vatican",
  "États fédérés de Micronésie",
  "États-Unis",
  "Éthiopie",
  "Île Christmas",
  "Île Norfolk",
  "Île de Man",
  "Île de l’Ascension",
  "Îles Canaries",
  "Îles Caïmans",
  "Îles Cocos",
  "Îles Cook",
  "Îles Féroé",
  "Îles Géorgie du Sud et Sandwich du Sud",
  "Îles Malouines",
  "Îles Mariannes du Nord",
  "Îles Marshall",
  "Îles Salomon",
  "Îles Turques-et-Caïques",
  "Îles Vierges britanniques",
  "Îles Vierges des États-Unis",
  "Îles mineures éloignées des États-Unis",
  "Îles Åland"
]
  },
  "state": {
    "abbr": [
      "FR-A",
      "FR-B",
      "FR-C",
      "FR-D",
      "FR-E",
      "FR-F",
      "FR-G",
      "FR-H",
      "FR-I",
      "FR-J",
      "FR-K",
      "FR-L",
      "FR-M",
      "FR-N",
      "FR-O",
      "FR-P",
      "FR-Q",
      "FR-R",
      "FR-S",
      "FR-T",
      "FR-U",
      "FR-V"
    ],
    "name": [
      "Grand-Est",
      "New Aquitaine",
      "Auvergne-Rhône-Alpes",
      "Bourgogne-Franche-Comté",
      "Brittany",
      "Centre-Val de Loire",
      "Île-de-France",
      "Occitania",
      "Hauts-de-France",
      "Normandy",
      "Pays de la Loire",
      "Provence-Alpes-Côte d'Azur",
      "Corsica",
      "French Guiana",
      "Guadeloupe",
      "Martinique",
      "Mayotte",
      "Réunion"
    ]
  },
  "street": {
    "suffix": [
      "Avenue",
      "Avenue du",
      "Allée",
      "Rue",
      "Rue de",
      "Rue des",
      "Rue du",
      "Boulevard",
      "Place",
      "Place du",
      "Passage"
    ],
    "name": [
      "Bât-d'Argent",
      "Belges",
      "Bellecour",
      "Benoît-Crépu",
      "Sergent Blandan",
      "Bichat",
      "Bossuet",
      "Bouquetiers",
      "Bourse",
      "Brotteaux",
      "Brest",
      "Burdeau",
      "Bœuf",
      "Bugeaud",
      "Bezout",
      "Baillet",
      "Bailleul",
      "Baltard",
      "Beaujolais",
      "Berger",
      "Bertin-Poirée",
      "Bourdonnais",
      "Cambon",
      "Capucines",
      "Carrousel",
      "Castiglione",
      "Danielle-Casanova",
      "Courtalon",
      "Coquillière",
      "Coq-Héron",
      "Déchargeurs",
      "Deux-Boules",
      "Deux-Écus",
      "Deux-Pavillons",
      "Federico-Garcia-Lorca",
      "Général-Lemonnier",
      "Halles",
      "Harlay",
      "Henri-Robert",
      "Herold",
      "La Sourdière",
      "Louvre",
      "Mondétour",
      "Mondovi",
      "La Monnaie",
      "Montesquieu",
      "Montmartre",
      "Montorgueil",
      "Montpensier",
      "Mont-Thabor",
      "Moulins",
      "Richelieu",
      "Rivoli",
      "Rohan",
      "Rouget-de-L'Isle",
      "Roule"
    ]
  }
}
