{
  "city": [
    "Acerra",
    "Acireale",
    "Afragola",
    "Agrigento",
    "Alessandria",
    "Altamura",
    "Ancona",
    "Andria",
    "Aprilia",
    "Arezzo",
    "Ascoli Piceno",
    "Asti",
    "Avellino",
    "Aversa",
    "Bagheria",
    "Bari",
    "Barletta",
    "Battipaglia",
    "Benevento",
    "Bergamo",
    "Bisceglie",
    "Bitonto",
    "Bologna",
    "Bolzano",
    "Brescia",
    "Brindisi",
    "Busto Arsizio",
    "Cagliari",
    "Caltanissetta",
    "Campobasso",
    "Carpi",
    "Carrara",
    "Casalnuovo di Napoli",
    "Caserta",
    "Casoria",
    "Castellammare di Stabia",
    "Catania",
    "Catanzaro",
    "Cava de' Tirreni",
    "Cerignola",
    "Cesena",
    "Chieti",
    "Chioggia",
    "Cinisello Balsamo",
    "City",
    "Civitavecchia",
    "Como",
    "Cosenza",
    "Cremona",
    "Crotone",
    "Cuneo",
    "Ercolano",
    "Faenza",
    "Fano",
    "Ferrara",
    "Fiumicino",
    "Florence",
    "Foggia",
    "Foligno",
    "Forlì",
    "Gela",
    "Genoa",
    "Giugliano in Campania",
    "Grosseto",
    "Guidonia Montecelio",
    "Imola",
    "L'Aquila",
    "La Spezia",
    "Lamezia Terme",
    "Latina",
    "Lecce",
    "Legnano",
    "Livorno",
    "Lucca",
    "Manfredonia",
    "Marano di Napoli",
    "Marsala",
    "Massa",
    "Matera",
    "Mazara del Vallo",
    "Messina",
    "Milan",
    "Modena",
    "Modica",
    "Molfetta",
    "Moncalieri",
    "Monza",
    "Naples",
    "Novara",
    "Olbia",
    "Padua",
    "Palermo",
    "Parma",
    "Pavia",
    "Perugia",
    "Pesaro",
    "Pescara",
    "Piacenza",
    "Pisa",
    "Pistoia",
    "Pomezia",
    "Pordenone",
    "Portici",
    "Potenza",
    "Pozzuoli",
    "Prato",
    "Quartu Sant'Elena",
    "Ragusa",
    "Ravenna",
    "Reggio Calabria",
    "Reggio Emilia",
    "Rho",
    "Rimini",
    "Rome",
    "Rovigo",
    "Salerno",
    "San Severo",
    "Sanremo",
    "Sassari",
    "Savona",
    "Scafati",
    "Sesto San Giovanni",
    "Siena",
    "Siracusa",
    "Taranto",
    "Teramo",
    "Terni",
    "Tivoli",
    "Torre del Greco",
    "Trani",
    "Trapani",
    "Trento",
    "Treviso",
    "Trieste",
    "Turin",
    "Udine",
    "Varese",
    "Velletri",
    "Venice",
    "Verona",
    "Viareggio",
    "Vicenza",
    "Vigevano",
    "Viterbo",
    "Vittoria"
  ],
  "state": {
    "abbr": [
      "Test"
    ],
    "name": [
      "Agrigento",
      "Alessandria",
      "Ancona",
      "Aosta",
      "Arezzo",
      "Ascoli Piceno",
      "Asti",
      "Avellino",
      "Bari",
      "Barletta-Andria-Trani",
      "Belluno",
      "Benevento",
      "Bergamo",
      "Biella",
      "Bologna",
      "South Tyrol",
      "Brescia",
      "Brindisi",
      "Cagliari",
      "Caltanissetta",
      "Campobasso",
      "Carbonia-Iglesias",
      "Caserta",
      "Catania",
      "Catanzaro",
      "Chieti",
      "Como",
      "Cosenza",
      "Cremona",
      "Crotone",
      "Cuneo",
      "Enna",
      "Fermo",
      "Ferrara",
      "Florence",
      "Foggia",
      "Forlì-Cesena",
      "Frosinone",
      "Genoa",
      "Gorizia",
      "Grosseto",
      "Imperia",
      "Isernia",
      "La Spezia",
      "L'Aquila",
      "Latina",
      "Lecce",
      "Lecco",
      "Livorno",
      "Lodi",
      "Lucca",
      "Macerata",
      "Mantua",
      "Massa and Carrara",
      "Matera",
      "Medio Campidano",
      "Messina",
      "Milan",
      "Modena",
      "Monza and Brianza",
      "Naples",
      "Novara",
      "Nuoro",
      "Ogliastra",
      "Olbia-Tempio",
      "Oristano",
      "Padua",
      "Palermo",
      "Parma",
      "Pavia",
      "Perugia",
      "Pesaro and Urbino",
      "Pescara",
      "Piacenza",
      "Pisa",
      "Pistoia",
      "Pordenone",
      "Potenza",
      "Prato",
      "Ragusa",
      "Ravenna",
      "Reggio Calabria",
      "Reggio Emilia",
      "Rieti",
      "Rimini",
      "Rome",
      "Rovigo",
      "Salerno",
      "Sassari",
      "Savona",
      "Siena",
      "Sondrio",
      "Syracuse",
      "Taranto",
      "Teramo",
      "Terni",
      "Trapani",
      "Trento",
      "Treviso",
      "Trieste",
      "Turin",
      "Udine",
      "Varese",
      "Venice",
      "Verbano-Cusio-Ossola",
      "Vercelli",
      "Verona",
      "Vibo Valentia",
      "Vicenza",
      "Viterbo"
    ]
  },
  "street": {
    "suffix": [
      "Via",
      "Corso"
    ],
    "name": [
      "Aldo Moro",
      "Cavour",
      "Chiodo",
      "Etnea",
      "Farini",
      "Garibaldi",
      "Giacomo Matteotti",
      "Gramsci",
      "Grande",
      "IV Novembre",
      "Italia",
      "Luccoli",
      "Magenta",
      "Manno",
      "Manzoni",
      "Marconi",
      "Matteotti",
      "Mazzini",
      "Montenapoleone",
      "Palestro",
      "Papa Giovanni XXIII",
      "Primo Maggio",
      "Prione",
      "Ricasoli",
      "Roma",
      "San Babila",
      "San Luca",
      "San Martino della Battaglia",
      "San Vincenzo",
      "Santa Caterina",
      "Sparano",
      "Venezia",
      "Vittorio Emanuele",
      "Vittorio Emanuele II",
      "XX Settembre",
      "XXV Aprile",
      "XXV Aprile,",
      "XXVII Aprile",
      "de' Tornabuoni",
      "dei Calzaiuoli",
      "della Spiga",
      "della Vigna Nuova"
    ]
  },
  "country": {
    "name": [
      "Andorra",
      "Emirati Arabi Uniti",
      "Afghanistan",
      "Antigua e Barbuda",
      "Anguilla",
      "Albania",
      "Armenia",
      "Angola",
      "Antartide",
      "Argentina",
      "Samoa americane",
      "Austria",
      "Australia",
      "Aruba",
      "Azerbaigian",
      "Bosnia-Erzegovina",
      "Barbados",
      "Bangladesh",
      "Belgio",
      "Burkina Faso",
      "Bulgaria",
      "Bahrein",
      "Burundi",
      "Benin",
      "Saint Barthelemy",
      "Bermuda",
      "Brunei",
      "Bolivia",
      "Brasile",
      "Bahamas, Le",
      "Bhutan",
      "Isola Bouvet",
      "Botswana",
      "Bielorussia",
      "Belize",
      "Canada",
      "Isole Cocos (Keeling)",
      "Congo, Repubblica Democratica del",
      "Repubblica Centrafricana",
      "Congo, Repubblica del",
      "Svizzera",
      "Costa d'Avorio",
      "Isole Cook",
      "Cile",
      "Camerun",
      "Cina",
      "Colombia",
      "Costa Rica",
      "Cuba",
      "Capo Verde",
      "Curacao",
      "Isola di Natale",
      "Cipro",
      "Repubblica Ceca",
      "Germania",
      "Gibuti",
      "Danimarca",
      "Dominica",
      "Repubblica Dominicana",
      "Algeria",
      "Ecuador",
      "Estonia",
      "Egitto",
      "Sahara Occidentale",
      "Eritrea",
      "Spagna",
      "Etiopia",
      "Finlandia",
      "Fiji",
      "Isole Falkland (Malvine)",
      "Micronesia, Stati Federati di",
      "Isole Fær Øer",
      "Francia",
      "Francia metropolitana",
      "Gabon",
      "Regno Unito",
      "Grenada",
      "Georgia",
      "Guyana Francese",
      "Guernsey",
      "Ghana",
      "Gibilterra",
      "Groenlandia",
      "Gambia, Repubblica",
      "Guinea",
      "Guadalupa",
      "Guinea Equatoriale",
      "Grecia",
      "Georgia del Sud e Isole Sandwich del Sud",
      "Guatemala",
      "Guam",
      "Guinea-Bissau",
      "Guyana",
      "Hong Kong",
      "Isole Heard e McDonald",
      "Honduras",
      "Croazia",
      "Haiti",
      "Ungheria",
      "Indonesia",
      "Irlanda",
      "Israele",
      "Isola di Man",
      "India",
      "Territorio britannico dell'Oceano Indiano",
      "Iraq",
      "Iran",
      "Islanda",
      "Italia",
      "Jersey",
      "Giamaica",
      "Giordania",
      "Giappone",
      "Kenya",
      "Kirghizistan",
      "Cambogia",
      "Kiribati",
      "Comore",
      "Saint Kitts e Nevis",
      "Corea del Nord",
      "Corea del Sud",
      "Kuwait",
      "Isole Cayman",
      "Kazakistan",
      "Laos",
      "Libano",
      "Santa Lucia",
      "Liechtenstein",
      "Sri Lanka",
      "Liberia",
      "Lesotho",
      "Lituania",
      "Lussemburgo",
      "Lettonia",
      "Libia",
      "Marocco",
      "Monaco",
      "Moldavia",
      "Montenegro",
      "Saint Martin",
      "Madagascar",
      "Isole Marshall",
      "Macedonia",
      "Mali",
      "Birmania",
      "Mongolia",
      "Macao",
      "Isole Marianne Settentrionali",
      "Martinica",
      "Mauritania",
      "Montserrat",
      "Malta",
      "Mauritius",
      "Maldive",
      "Malawi",
      "Messico",
      "Malesia",
      "Mozambico",
      "Namibia",
      "Nuova Caledonia",
      "Niger",
      "Isola Norfolk",
      "Nigeria",
      "Nicaragua",
      "Paesi Bassi",
      "Norvegia",
      "Nepal",
      "Nauru",
      "Niue",
      "Nuova Zelanda",
      "Oman",
      "Panama",
      "Perù",
      "Polinesia francese",
      "Papua Nuova Guinea",
      "Filippine",
      "Pakistan",
      "Polonia",
      "Saint-Pierre e Miquelon",
      "Isola di Pitcairn",
      "Porto Rico",
      "Striscia di Gaza",
      "Cisgiordania",
      "Portogallo",
      "Palau",
      "Paraguay",
      "Qatar",
      "Reunion",
      "Romania",
      "Serbia",
      "Russia",
      "Ruanda",
      "Arabia Saudita",
      "Isole Solomone",
      "Seychelles",
      "Sudan",
      "Svezia",
      "Singapore",
      "Sant'Elena, Ascensione e Tristan da Cunha",
      "Slovenia",
      "Svalbard",
      "Slovacchia",
      "Sierra Leone",
      "San Marino",
      "Senegal",
      "Somalia",
      "Suriname",
      "Sud Sudan",
      "Sao Tome e Principe",
      "El Salvador",
      "Sint Maarten",
      "Siria",
      "Swaziland",
      "Isole Turks e Caicos",
      "Ciad",
      "Terre australi e antartiche francesi",
      "Togo",
      "Tailandia",
      "Tagikistan",
      "Tokelau",
      "Timor Est",
      "Turkmenistan",
      "Tunisia",
      "Tonga",
      "Turchia",
      "Trinidad e Tobago",
      "Tuvalu",
      "Taiwan",
      "Tanzania",
      "Ucraina",
      "Uganda",
      "Isole Minori degli Stati Uniti",
      "Stati Uniti",
      "Uruguay",
      "Uzbekistan",
      "Santa Sede (Stato della Città del Vaticano)",
      "Saint Vincent e Grenadine",
      "Venezuela",
      "Isole Vergini britanniche",
      "Isole Vergini americane",
      "Vietnam",
      "Vanuatu",
      "Isole Wallis e Futuna",
      "Samoa",
      "Kosovo",
      "Yemen",
      "Mayotte",
      "Sudafrica",
      "Zambia",
      "Zimbabwe"
    ]
  }
}
