{
  "city": [
    "Abrantes",
    "Agualva-Cacém",
    "Albufeira",
    "Alcabideche",
    "Alcobaça",
    "Alcácer do Sal",
    "Algés",
    "Almada",
    "Almeirim",
    "Amadora",
    "Amarante",
    "Amora",
    "Anadia",
    "Angra do Heroísmo",
    "Arrentela",
    "Aveiro",
    "Baguim do Monte",
    "Barcelos",
    "Barreiro",
    "Beja",
    "Belas",
    "Bougado",
    "Braga",
    "Bragança",
    "Cacém",
    "Caldas da Rainha",
    "Camarate",
    "Canidelo",
    "Caniço",
    "Cantanhede",
    "Caparica",
    "Carcavelos",
    "Carnaxide",
    "Cartaxo",
    "Cascais",
    "Castelo Branco",
    "Charneca",
    "Chaves",
    "Coimbra",
    "Corroios",
    "Costa da Caparica",
    "Covilhã",
    "Custoias",
    "Câmara de Lobos",
    "Elvas",
    "Entroncamento",
    "Ermesinde",
    "Esmoriz",
    "Espinho",
    "Esposende",
    "Estarreja",
    "Estoril",
    "Estremoz",
    "Fafe",
    "Faro",
    "Feira",
    "Felgueiras",
    "Figueira da Foz",
    "Fiães",
    "Freamunde",
    "Funchal",
    "Fundão",
    "Fátima",
    "Fânzeres",
    "Gafanha da Nazaré",
    "Gandra",
    "Gondomar",
    "Gouveia",
    "Guarda",
    "Guimarães",
    "Horta",
    "Lagoa",
    "Lagos",
    "Lamego",
    "Laranjeiro",
    "Leiria",
    "Leça da Palmeira",
    "Leça do Bailio",
    "Linda-a-Velha",
    "Lisbon",
    "Lixa",
    "Loulé",
    "Loures",
    "Lourosa",
    "Macedo de Cavaleiros",
    "Machico",
    "Maia",
    "Mangualde",
    "Marco de Canaveses",
    "Marinha Grande",
    "Matosinhos",
    "Mealhada",
    "Miranda do Douro",
    "Mirandela",
    "Moita",
    "Monsanto",
    "Monte Estoril",
    "Montemor-o-Novo",
    "Montijo",
    "Monção",
    "Moura",
    "Mêda",
    "Odivelas",
    "Olhão",
    "Olhão da Restauração",
    "Oliveira de Azeméis",
    "Oliveira do Bairro",
    "Oliveira do Douro",
    "Oliveira do Hospital",
    "Ourém",
    "Ovar",
    "Palmela",
    "Parede",
    "Paredes",
    "Paço de Arcos",
    "Paços de Ferreira",
    "Pedroso",
    "Penafiel",
    "Peniche",
    "Peso da Régua",
    "Piedade",
    "Pinhal Novo",
    "Pinhel",
    "Pombal",
    "Ponta Delgada",
    "Ponte de Lima",
    "Ponte de Sor",
    "Pontinha",
    "Portalegre",
    "Portimão",
    "Porto",
    "Praia da Vitória",
    "Póvoa de Santa Iria",
    "Póvoa de Varzim",
    "Quarteira",
    "Queluz",
    "Ramada",
    "Rebordosa",
    "Reguengos de Monsaraz",
    "Ribeira Grande",
    "Rio Maior",
    "Rio Tinto",
    "Rio de Mouro",
    "Sabugal",
    "Sacavém",
    "Santa Comba Dão",
    "Santa Cruz",
    "Santa Iria da Azóia",
    "Santa Maria da Feira",
    "Santana",
    "Santarém",
    "Santiago do Cacém",
    "Santo Tirso",
    "Seia",
    "Seixal",
    "Senhora da Hora",
    "Sequeira",
    "Serpa",
    "Sesimbra",
    "Setúbal",
    "Silves",
    "Sines",
    "Sintra",
    "São Domingos de Rana",
    "São João da Madeira",
    "São João da Talha",
    "São Mamede de Infesta",
    "São Pedro da Cova",
    "São Salvador de Lordelo",
    "Tarouca",
    "Tavira",
    "Tomar",
    "Tondela",
    "Torres Novas",
    "Torres Vedras",
    "Trancoso",
    "Trofa",
    "Valbom",
    "Vale de Cambra",
    "Valongo",
    "Valpaços",
    "Vendas Novas",
    "Vialonga",
    "Viana do Castelo",
    "Vila Baleira",
    "Porto Santo",
    "Vila Franca de Xira",
    "Vila Nova de Famalicão",
    "Vila Nova de Foz Côa",
    "Vila Nova de Gaia",
    "Vila Nova de Santo André",
    "Vila Real",
    "Vila Real de Santo António",
    "Vila do Conde",
    "Vilar de Andorinho",
    "Viseu",
    "Vizela",
    "Águas Santas",
    "Águeda",
    "Évora",
    "Ílhavo"
  ],
  "country": {
    "name": [
      "Afeganistão",
      "Albânia",
      "Alemanha",
      "Andorra",
      "Angola",
      "Anguila",
      "Antártida",
      "Antígua e Barbuda",
      "Argentina",
      "Argélia",
      "Arménia",
      "Aruba",
      "Arábia Saudita",
      "Austrália",
      "Azerbaijão",
      "Bahamas",
      "Bangladesh",
      "Barbados",
      "Barém",
      "Belize",
      "Benim",
      "Bermudas",
      "Bielorrússia",
      "Bolívia",
      "Botswana",
      "Brasil",
      "Brunei",
      "Bulgária",
      "Burquina Faso",
      "Burundi",
      "Butão",
      "Bélgica",
      "Bósnia e Herzegovina",
      "Cabo Verde",
      "Camarões",
      "Camboja",
      "Canadá",
      "Catar",
      "Cazaquistão",
      "Ceuta e Melilha",
      "Chade",
      "Chile",
      "China",
      "Chipre",
      "Cidade do Vaticano",
      "Colômbia",
      "Comores",
      "Congo-Brazzaville",
      "Congo-Kinshasa",
      "Coreia do Norte",
      "Coreia do Sul",
      "Costa Rica",
      "Costa do Marfim",
      "Croácia",
      "Cuba",
      "Curaçau",
      "Diego Garcia",
      "Dinamarca",
      "Domínica",
      "Egipto",
      "El Salvador",
      "Emirados Árabes Unidos",
      "Equador",
      "Eritreia",
      "Eslováquia",
      "Eslovénia",
      "Espanha",
      "Estados Unidos",
      "Estónia",
      "Etiópia",
      "Fiji",
      "Filipinas",
      "Finlândia",
      "França",
      "Gabão",
      "Gana",
      "Geórgia",
      "Gibraltar",
      "Granada",
      "Gronelândia",
      "Grécia",
      "Guadalupe",
      "Guame",
      "Guatemala",
      "Guernsey",
      "Guiana",
      "Guiana Francesa",
      "Guiné",
      "Guiné Equatorial",
      "Guiné-Bissau",
      "Gâmbia",
      "Haiti",
      "Honduras",
      "Hong Kong, RAE da China",
      "Hungria",
      "Ilha Norfolk",
      "Ilha de Ascensão",
      "Ilha de Man",
      "Ilha do Natal",
      "Ilhas Caimão",
      "Ilhas Canárias",
      "Ilhas Cocos",
      "Ilhas Cook",
      "Ilhas Distantes dos EUA",
      "Ilhas Falkland",
      "Ilhas Faroé",
      "Ilhas Geórgia do Sul e Sandwich do Sul",
      "Ilhas Marianas do Norte",
      "Ilhas Marshall",
      "Ilhas Salomão",
      "Ilhas Turcas e Caicos",
      "Ilhas Virgens Britânicas",
      "Ilhas Virgens dos EUA",
      "Ilhas Åland",
      "Indonésia",
      "Iraque",
      "Irlanda",
      "Irão",
      "Islândia",
      "Israel",
      "Itália",
      "Iémen",
      "Jamaica",
      "Japão",
      "Jersey",
      "Jibuti",
      "Jordânia",
      "Kosovo",
      "Kuwait",
      "Laos",
      "Lesoto",
      "Letónia",
      "Libéria",
      "Liechtenstein",
      "Lituânia",
      "Luxemburgo",
      "Líbano",
      "Líbia",
      "Macau, RAE da China",
      "Macedónia",
      "Madagáscar",
      "Maiote",
      "Malawi",
      "Maldivas",
      "Mali",
      "Malta",
      "Malásia",
      "Marrocos",
      "Martinica",
      "Mauritânia",
      "Maurícia",
      "Mianmar",
      "Micronésia",
      "Moldávia",
      "Mongólia",
      "Monserrate",
      "Montenegro",
      "Moçambique",
      "México",
      "Mónaco",
      "Namíbia",
      "Nauru",
      "Nepal",
      "Nicarágua",
      "Nigéria",
      "Niue",
      "Noruega",
      "Nova Caledónia",
      "Nova Zelândia",
      "Níger",
      "Omã",
      "Palau",
      "Panamá",
      "Papua-Nova Guiné",
      "Paquistão",
      "Paraguai",
      "Países Baixos",
      "Países Baixos Caribenhos",
      "Peru",
      "Pitcairn",
      "Polinésia Francesa",
      "Polónia",
      "Porto Rico",
      "Portugal",
      "Quirguistão",
      "Quiribati",
      "Quénia",
      "Reino Unido",
      "República Centro-Africana",
      "República Checa",
      "República Dominicana",
      "Reunião",
      "Roménia",
      "Ruanda",
      "Rússia",
      "Saara Ocidental",
      "Saint Pierre e Miquelon",
      "Samoa",
      "Samoa Americana",
      "Santa Helena",
      "Santa Lúcia",
      "Seicheles",
      "Senegal",
      "Serra Leoa",
      "Singapura",
      "Sint Maarten",
      "Somália",
      "Sri Lanka",
      "Suazilândia",
      "Sudão",
      "Sudão do Sul",
      "Suriname",
      "Suécia",
      "Suíça",
      "Svalbard e Jan Mayen",
      "São Bartolomeu",
      "São Cristóvão e Nevis",
      "São Marino",
      "São Martinho",
      "São Tomé e Príncipe",
      "São Vicente e Granadinas",
      "Sérvia",
      "Síria",
      "Tailândia",
      "Taiwan",
      "Tajiquistão",
      "Tanzânia",
      "Território Britânico do Oceano Índico",
      "Território Palestiniano",
      "Territórios Franceses do Sul",
      "Timor-Leste",
      "Togo",
      "Tonga",
      "Toquelau",
      "Trindade e Tobago",
      "Tristão da Cunha",
      "Tunísia",
      "Turquemenistão",
      "Turquia",
      "Tuvalu",
      "Ucrânia",
      "Uganda",
      "Uruguai",
      "Uzbequistão",
      "Vanuatu",
      "Venezuela",
      "Vietname",
      "Wallis e Futuna",
      "Zimbabué",
      "Zâmbia",
      "África do Sul",
      "Áustria",
      "Índia"
    ]
  },
  "state": {
    "name": [
      "Aveiro",
      "Beja",
      "Braga",
      "Bragança",
      "Castelo Branco",
      "Coimbra",
      "Évora",
      "Faro",
      "Guarda",
      "Leiria",
      "Lisbon",
      "Portalegre",
      "Porto",
      "Santarém",
      "Setúbal",
      "Viana do Castelo",
      "Vila Real",
      "Viseu"
    ],
    "abbr": [
      "PT-01",
      "PT-02",
      "PT-03",
      "PT-04",
      "PT-05",
      "PT-06",
      "PT-07",
      "PT-08",
      "PT-09",
      "PT-10",
      "PT-11",
      "PT-12",
      "PT-13",
      "PT-14",
      "PT-15",
      "PT-16",
      "PT-17",
      "PT-18",
      "PT-20",
      "PT-30"
    ]
  },
  "street": {
    "name": [
      "Rua Central",
      "Rua da Concoirdia",
      "Rua da Fabrica",
      "Rua da Felicidade",
      "Rua da Grunta",
      "Rua da Madeira",
      "Rua da Malaca",
      "Rua da Papaia",
      "Rua das Estalagens",
      "Rua de Paris",
      "Rua de Pequim",
      "Rua de Piedada",
      "Rua de Roma",
      "Rua do Almirante Sérgio",
      "Rua do Campo",
      "Rua do Canal Novo",
      "Rua do Caracol",
      "Rua do Dr. Lourenço Marques",
      "Rua do Patane",
      "Rua Notre do Patane",
      "Rua São Tiagoda Barra",
      "Rua Sul do Patane",
      "Rua Va Tai",
      "Rua de Madrid",
      "Rua da Pai Kok",
      "Rua das Albizias",
      "Rua de Choi Long",
      "Rua de Lagos",
      "Rua do Cunha",
      "Rua do Delgado",
      "Rua do Jardim",
      "Rua do Melo",
      "Rua do Minho",
      "Rua dos Hortelaos",
      "Avenida da Praia",
      "Avenida de Cotai",
      "Avenida de Carlos da Maia",
      "Avenida de Guimaráes",
      "Avenida de Kwong Tung",
      "Avenida do Estdio",
      "Avenida dos Jardins do Oceano",
      "Avenida Marginal de Flor de Lotus",
      "Avenida Olimpico",
      "Avenida Son On",
      "Avenida Wai Long"
    ],
    "suffix": [
      "Alley",
      "Andar",
      "Anexo",
      "Arvoredo",
      "Auto-estrada",
      "Avenida",
      "Baía",
      "Balão",
      "Balsa",
      "Caminho",
      "Campo",
      "Corredor",
      "Curva",
      "Desvio",
      "Extensão",
      "Faixa",
      "Fileira",
      "Floresta",
      "Green",
      "Grove",
      "Jardim",
      "Laço",
      "Linha",
      "Lugar",
      "Monte",
      "Parada",
      "Parkway",
      "Parque",
      "Pedágio",
      "Plantação",
      "Portão",
      "Praça",
      "Private",
      "Promenade",
      "Quadra",
      "Quadrado",
      "Ribanceira",
      "Rodovia",
      "Rota",
      "Rotatória",
      "Rua"
    ]
  }
}
